-- ============================================================
-- LEDGR: Seed Data
-- ============================================================

-- ── Fixed UUIDs (inline literals) ──────────────────────────
-- gym_id:      '11111111-1111-1111-1111-111111111111'
-- owner_id:    '22222222-2222-2222-2222-222222222222'
-- plan_monthly:'33333333-3333-3333-3333-333333333001'
-- plan_annual: '33333333-3333-3333-3333-333333333002'
-- plan_day:    '33333333-3333-3333-3333-333333333003'
-- plan_class:  '33333333-3333-3333-3333-333333333004'

-- ── 1. Gym ─────────────────────────────────────────────────

INSERT INTO gyms (id, name, address, timezone, grace_period_days)
VALUES ('11111111-1111-1111-1111-111111111111', 'Iron Republic Fitness', '742 Barbell Ave, Austin, TX 78701', 'America/Chicago', 30);

-- ── 2. Auth User (owner) ──────────────────────────────────

INSERT INTO auth.users (
  id,
  instance_id,
  aud,
  role,
  email,
  encrypted_password,
  email_confirmed_at,
  confirmation_token,
  recovery_token,
  email_change,
  email_change_token_new,
  phone,
  raw_app_meta_data,
  raw_user_meta_data,
  is_sso_user,
  created_at,
  updated_at
) VALUES (
  '22222222-2222-2222-2222-222222222222',
  '00000000-0000-0000-0000-000000000000',
  'authenticated',
  'authenticated',
  'admin@ledgrbilling.com',
  crypt('password123', gen_salt('bf')),
  now(),
  '',
  '',
  '',
  '',
  '',
  '{"provider":"email","providers":["email"]}',
  '{"full_name":"Angel Vega"}',
  false,
  now(),
  now()
);

INSERT INTO auth.identities (
  id,
  user_id,
  provider_id,
  identity_data,
  provider,
  last_sign_in_at,
  created_at,
  updated_at
) VALUES (
  gen_random_uuid(),
  '22222222-2222-2222-2222-222222222222',
  '22222222-2222-2222-2222-222222222222',
  jsonb_build_object(
    'sub', '22222222-2222-2222-2222-222222222222',
    'email', 'admin@ledgrbilling.com',
    'email_verified', true,
    'phone_verified', false
  ),
  'email',
  now(),
  now(),
  now()
);

-- ── 3. Owner Profile ───────────────────────────────────────

INSERT INTO profiles (id, gym_id, role, full_name, email)
VALUES ('22222222-2222-2222-2222-222222222222', '11111111-1111-1111-1111-111111111111', 'owner', 'Angel Vega', 'admin@ledgrbilling.com');

-- ── 4. Membership Plans ────────────────────────────────────

INSERT INTO membership_plans (id, gym_id, name, price_cents, interval, is_active) VALUES
  ('33333333-3333-3333-3333-333333333001', '11111111-1111-1111-1111-111111111111', 'Monthly',       4900, 'month',      true),
  ('33333333-3333-3333-3333-333333333002',  '11111111-1111-1111-1111-111111111111', 'Annual',       49900, 'year',       true),
  ('33333333-3333-3333-3333-333333333003',     '11111111-1111-1111-1111-111111111111', 'Day Pass',      1500, 'day',        true),
  ('33333333-3333-3333-3333-333333333004',   '11111111-1111-1111-1111-111111111111', '10-Class Pack', 12000, 'class_pack', true);

-- ── 5. Members (35 total) ──────────────────────────────────

INSERT INTO members (id, gym_id, full_name, email, phone, status, joined_at, last_visit_at, total_visits, notes, emergency_contact, billing_status, next_payment, payment_method, revenue) VALUES
  ('MEM-001', '11111111-1111-1111-1111-111111111111', 'Sarah Mitchell',    'sarah.m@gmail.com',       '(555) 234-5678', 'active',    '2024-01-12', '2026-03-05', 247, 'Prefers morning classes',               'Tom Mitchell - (555) 234-5679',    'Pending', NULL, NULL, 0),
  ('MEM-002', '11111111-1111-1111-1111-111111111111', 'James Cooper',      'jcooper@outlook.com',     '(555) 345-6789', 'active',    '2024-03-05', '2026-03-04', 189, '',                                       'Lisa Cooper - (555) 345-6780',     'Pending', NULL, NULL, 0),
  ('MEM-003', '11111111-1111-1111-1111-111111111111', 'Diana Reyes',       'diana.reyes@yahoo.com',   '(555) 456-7890', 'frozen',    '2023-11-18', '2026-01-15', 112, 'Frozen due to injury - review in April', 'Carlos Reyes - (555) 456-7891',    'Pending', NULL, NULL, 0),
  ('MEM-004', '11111111-1111-1111-1111-111111111111', 'Marcus Johnson',    'marcusj@gmail.com',       '(555) 567-8901', 'active',    '2024-06-01', '2026-03-06', 156, 'Interested in personal training',        'Angela Johnson - (555) 567-8902',  'Pending', NULL, NULL, 0),
  ('MEM-005', '11111111-1111-1111-1111-111111111111', 'Emily Zhang',       'ezhang@icloud.com',       '(555) 678-9012', 'active',    '2024-02-28', '2026-03-05', 298, 'Yoga and pilates regular',               'Wei Zhang - (555) 678-9013',       'Pending', NULL, NULL, 0),
  ('MEM-006', '11111111-1111-1111-1111-111111111111', 'Robert Akins',      'r.akins@hotmail.com',     '(555) 789-0123', 'cancelled', '2024-08-15', '2025-12-20',  23, 'Moved out of area',                      'Janet Akins - (555) 789-0124',     'Pending', NULL, NULL, 0),
  ('MEM-007', '11111111-1111-1111-1111-111111111111', 'Priya Sharma',      'priya.s@gmail.com',       '(555) 890-1234', 'active',    '2024-04-22', '2026-03-06', 201, '',                                       'Raj Sharma - (555) 890-1235',      'Pending', NULL, NULL, 0),
  ('MEM-008', '11111111-1111-1111-1111-111111111111', 'Tyler Brooks',      'tbrooks@outlook.com',     '(555) 901-2345', 'frozen',    '2024-07-09', '2026-02-01',  67, 'Has 3 classes remaining',                'Dave Brooks - (555) 901-2346',     'Pending', NULL, NULL, 0),
  ('MEM-009', '11111111-1111-1111-1111-111111111111', 'Natalie Owens',     'n.owens@gmail.com',       '(555) 012-3456', 'active',    '2024-09-03', '2026-03-05', 134, '',                                       'Mark Owens - (555) 012-3457',      'Pending', NULL, NULL, 0),
  ('MEM-010', '11111111-1111-1111-1111-111111111111', 'Kevin Duarte',      'kduarte@yahoo.com',       '(555) 123-4567', 'active',    '2023-10-14', '2026-03-04', 312, 'VIP member, long-term',                  'Maria Duarte - (555) 123-4568',    'Pending', NULL, NULL, 0),
  ('MEM-011', '11111111-1111-1111-1111-111111111111', 'Amanda Foster',     'afoster@icloud.com',      '(555) 234-5670', 'cancelled', '2023-12-01', '2025-09-14',  78, 'Cancelled due to scheduling conflicts',  'Brian Foster - (555) 234-5671',    'Pending', NULL, NULL, 0),
  ('MEM-012', '11111111-1111-1111-1111-111111111111', 'Chris Nakamura',    'cnakamura@gmail.com',     '(555) 345-6780', 'active',    '2024-05-17', '2026-03-06', 178, 'Competes in local powerlifting',          'Yuki Nakamura - (555) 345-6781',   'Pending', NULL, NULL, 0),
  ('MEM-013', '11111111-1111-1111-1111-111111111111', 'Laura Henderson',   'lhenderson@gmail.com',    '(555) 456-7891', 'active',    '2024-11-20', '2026-03-05',  89, '',                                       'Steve Henderson - (555) 456-7892', 'Pending', NULL, NULL, 0),
  ('MEM-014', '11111111-1111-1111-1111-111111111111', 'Daniel Kim',        'dkim@outlook.com',        '(555) 567-8902', 'active',    '2023-08-22', '2026-03-06', 356, 'Personal training 2x/week',              'Jenny Kim - (555) 567-8903',       'Pending', NULL, NULL, 0),
  ('MEM-015', '11111111-1111-1111-1111-111111111111', 'Rachel Torres',     'rtorres@yahoo.com',       '(555) 678-9013', 'active',    '2025-01-10', '2026-03-04',  45, 'Spin class enthusiast',                  'Miguel Torres - (555) 678-9014',   'Pending', NULL, NULL, 0),
  ('MEM-016', '11111111-1111-1111-1111-111111111111', 'Brian Wallace',     'bwallace@gmail.com',      '(555) 789-0124', 'frozen',    '2024-02-14', '2026-01-28', 145, 'Frozen - traveling for work until April', 'Susan Wallace - (555) 789-0125',   'Pending', NULL, NULL, 0),
  ('MEM-017', '11111111-1111-1111-1111-111111111111', 'Jessica Park',      'jpark@icloud.com',        '(555) 890-1235', 'active',    '2024-06-30', '2026-03-06', 167, '',                                       'David Park - (555) 890-1236',      'Pending', NULL, NULL, 0),
  ('MEM-018', '11111111-1111-1111-1111-111111111111', 'Anthony Russo',     'arusso@hotmail.com',      '(555) 901-2346', 'active',    '2025-03-18', '2026-03-05',  98, 'Referred by James Cooper',               'Maria Russo - (555) 901-2347',     'Pending', NULL, NULL, 0),
  ('MEM-019', '11111111-1111-1111-1111-111111111111', 'Michelle Grant',    'mgrant@gmail.com',        '(555) 012-3457', 'cancelled', '2025-05-02', '2025-11-10',  15, 'Switched to competitor gym',              'Paul Grant - (555) 012-3458',      'Pending', NULL, NULL, 0),
  ('MEM-020', '11111111-1111-1111-1111-111111111111', 'Alex Rivera',       'arivera@outlook.com',     '(555) 123-4568', 'active',    '2024-12-01', '2026-03-06', 122, 'Competitive swimmer',                    'Carmen Rivera - (555) 123-4569',   'Pending', NULL, NULL, 0),
  ('MEM-021', '11111111-1111-1111-1111-111111111111', 'Samantha Lee',      'slee@gmail.com',          '(555) 234-5671', 'active',    '2025-07-15', '2026-03-04',  76, '',                                       'John Lee - (555) 234-5672',        'Pending', NULL, NULL, 0),
  ('MEM-022', '11111111-1111-1111-1111-111111111111', 'Omar Hassan',       'ohassan@yahoo.com',       '(555) 345-6781', 'frozen',    '2023-09-05', '2026-02-10', 234, 'Medical freeze - knee surgery',           'Fatima Hassan - (555) 345-6782',   'Pending', NULL, NULL, 0),
  ('MEM-023', '11111111-1111-1111-1111-111111111111', 'Megan Clark',       'mclark@icloud.com',       '(555) 456-7892', 'active',    '2025-09-22', '2026-03-05',  34, 'Barre and yoga only',                    'Tom Clark - (555) 456-7893',       'Pending', NULL, NULL, 0),
  ('MEM-024', '11111111-1111-1111-1111-111111111111', 'Jason White',       'jwhite@hotmail.com',      '(555) 567-8903', 'active',    '2024-10-08', '2026-03-06', 145, '',                                       'Karen White - (555) 567-8904',     'Pending', NULL, NULL, 0),
  ('MEM-025', '11111111-1111-1111-1111-111111111111', 'Olivia Bennett',    'obennett@gmail.com',      '(555) 678-9014', 'active',    '2023-07-19', '2026-03-03', 389, 'Founding member, loyalty discount applied','George Bennett - (555) 678-9015', 'Pending', NULL, NULL, 0),
  ('MEM-026', '11111111-1111-1111-1111-111111111111', 'Ethan Patel',       'epatel@outlook.com',      '(555) 789-0125', 'cancelled', '2025-04-11', '2025-10-22',  42, 'Financial reasons',                      'Nina Patel - (555) 789-0126',      'Pending', NULL, NULL, 0),
  ('MEM-027', '11111111-1111-1111-1111-111111111111', 'Sofia Andersson',   'sandersson@gmail.com',    '(555) 890-1236', 'active',    '2024-08-03', '2026-03-06', 198, 'CrossFit enthusiast',                    'Erik Andersson - (555) 890-1237',  'Pending', NULL, NULL, 0),
  ('MEM-028', '11111111-1111-1111-1111-111111111111', 'Ryan O''Brien',     'robrien@yahoo.com',       '(555) 901-2347', 'frozen',    '2024-04-30', '2026-02-18', 110, 'Frozen - seasonal',                      'Kate O''Brien - (555) 901-2348',   'Pending', NULL, NULL, 0),
  ('MEM-029', '11111111-1111-1111-1111-111111111111', 'Hannah Wright',     'hwright@icloud.com',      '(555) 012-3458', 'active',    '2025-11-05', '2026-03-04',  28, '10-class pack, 2 remaining',             'Peter Wright - (555) 012-3459',    'Pending', NULL, NULL, 0),
  ('MEM-030', '11111111-1111-1111-1111-111111111111', 'Derek Morgan',      'dmorgan@gmail.com',       '(555) 123-4569', 'active',    '2026-02-10', '2026-03-06',  12, 'New member - intro package',              'Lisa Morgan - (555) 123-4570',     'Pending', NULL, NULL, 0),
  ('MEM-031', '11111111-1111-1111-1111-111111111111', 'Chloe Nguyen',      'cnguyen@outlook.com',     '(555) 234-5672', 'active',    '2026-02-22', '2026-03-05',   8, '',                                       'Minh Nguyen - (555) 234-5673',     'Pending', NULL, NULL, 0),
  ('MEM-032', '11111111-1111-1111-1111-111111111111', 'Victor Okafor',     'vokafor@hotmail.com',     '(555) 345-6782', 'active',    '2026-03-01', '2026-03-06',   4, 'Trial conversion',                       'Ada Okafor - (555) 345-6783',      'Pending', NULL, NULL, 0),
  ('MEM-033', '11111111-1111-1111-1111-111111111111', 'Isabella Cruz',     'icruz@gmail.com',         '(555) 456-7893', 'active',    '2026-03-03', '2026-03-06',   3, 'Considering monthly upgrade',             'Luis Cruz - (555) 456-7894',       'Pending', NULL, NULL, 0),
  ('MEM-034', '11111111-1111-1111-1111-111111111111', 'Nathan Fischer',    'nfischer@yahoo.com',      '(555) 567-8904', 'cancelled', '2023-06-15', '2025-08-30', 267, 'Relocated to another city',               'Eva Fischer - (555) 567-8905',     'Pending', NULL, NULL, 0),
  ('MEM-035', '11111111-1111-1111-1111-111111111111', 'Aisha Thompson',    'athompson@icloud.com',    '(555) 678-9015', 'active',    '2026-02-15', '2026-03-06',  14, 'Group fitness focus',                     'James Thompson - (555) 678-9016',  'Pending', NULL, NULL, 0);

-- ── 6. Subscriptions ───────────────────────────────────────

-- Monthly members
INSERT INTO subscriptions (member_id, plan_id, gym_id, status, current_period_start, current_period_end) VALUES
  ('MEM-002', '33333333-3333-3333-3333-333333333001', '11111111-1111-1111-1111-111111111111', 'active',    '2026-03-05', '2026-04-05'),
  ('MEM-004', '33333333-3333-3333-3333-333333333001', '11111111-1111-1111-1111-111111111111', 'active',    '2026-03-01', '2026-04-01'),
  ('MEM-007', '33333333-3333-3333-3333-333333333001', '11111111-1111-1111-1111-111111111111', 'active',    '2026-03-22', '2026-04-22'),
  ('MEM-009', '33333333-3333-3333-3333-333333333001', '11111111-1111-1111-1111-111111111111', 'active',    '2026-03-03', '2026-04-03'),
  ('MEM-013', '33333333-3333-3333-3333-333333333001', '11111111-1111-1111-1111-111111111111', 'active',    '2026-02-20', '2026-03-20'),
  ('MEM-018', '33333333-3333-3333-3333-333333333001', '11111111-1111-1111-1111-111111111111', 'active',    '2026-02-18', '2026-03-18'),
  ('MEM-021', '33333333-3333-3333-3333-333333333001', '11111111-1111-1111-1111-111111111111', 'active',    '2026-02-15', '2026-03-15'),
  ('MEM-024', '33333333-3333-3333-3333-333333333001', '11111111-1111-1111-1111-111111111111', 'active',    '2026-03-08', '2026-04-08'),
  ('MEM-030', '33333333-3333-3333-3333-333333333001', '11111111-1111-1111-1111-111111111111', 'active',    '2026-03-10', '2026-04-10'),
  ('MEM-032', '33333333-3333-3333-3333-333333333001', '11111111-1111-1111-1111-111111111111', 'active',    '2026-03-01', '2026-04-01'),
  ('MEM-035', '33333333-3333-3333-3333-333333333001', '11111111-1111-1111-1111-111111111111', 'active',    '2026-02-15', '2026-03-15');

-- Annual members
INSERT INTO subscriptions (member_id, plan_id, gym_id, status, current_period_start, current_period_end) VALUES
  ('MEM-001', '33333333-3333-3333-3333-333333333002', '11111111-1111-1111-1111-111111111111', 'active',    '2026-01-12', '2027-01-12'),
  ('MEM-005', '33333333-3333-3333-3333-333333333002', '11111111-1111-1111-1111-111111111111', 'active',    '2026-02-28', '2027-02-28'),
  ('MEM-010', '33333333-3333-3333-3333-333333333002', '11111111-1111-1111-1111-111111111111', 'active',    '2025-10-14', '2026-10-14'),
  ('MEM-012', '33333333-3333-3333-3333-333333333002', '11111111-1111-1111-1111-111111111111', 'active',    '2025-05-17', '2026-05-17'),
  ('MEM-014', '33333333-3333-3333-3333-333333333002', '11111111-1111-1111-1111-111111111111', 'active',    '2025-08-22', '2026-08-22'),
  ('MEM-017', '33333333-3333-3333-3333-333333333002', '11111111-1111-1111-1111-111111111111', 'active',    '2025-06-30', '2026-06-30'),
  ('MEM-020', '33333333-3333-3333-3333-333333333002', '11111111-1111-1111-1111-111111111111', 'active',    '2025-12-01', '2026-12-01'),
  ('MEM-025', '33333333-3333-3333-3333-333333333002', '11111111-1111-1111-1111-111111111111', 'active',    '2025-07-19', '2026-07-19'),
  ('MEM-027', '33333333-3333-3333-3333-333333333002', '11111111-1111-1111-1111-111111111111', 'active',    '2025-08-03', '2026-08-03'),
  ('MEM-031', '33333333-3333-3333-3333-333333333002', '11111111-1111-1111-1111-111111111111', 'active',    '2026-02-22', '2027-02-22');

-- Frozen members
INSERT INTO subscriptions (member_id, plan_id, gym_id, status, current_period_start, current_period_end) VALUES
  ('MEM-003', '33333333-3333-3333-3333-333333333002',  '11111111-1111-1111-1111-111111111111', 'cancelled', '2025-11-18', '2026-11-18'),
  ('MEM-008', '33333333-3333-3333-3333-333333333004',   '11111111-1111-1111-1111-111111111111', 'cancelled', '2025-07-09', NULL),
  ('MEM-016', '33333333-3333-3333-3333-333333333001', '11111111-1111-1111-1111-111111111111', 'cancelled', '2026-01-14', '2026-02-14'),
  ('MEM-022', '33333333-3333-3333-3333-333333333002',  '11111111-1111-1111-1111-111111111111', 'cancelled', '2025-09-05', '2026-09-05'),
  ('MEM-028', '33333333-3333-3333-3333-333333333001', '11111111-1111-1111-1111-111111111111', 'cancelled', '2026-02-28', '2026-03-28');

-- Cancelled members
INSERT INTO subscriptions (member_id, plan_id, gym_id, status, current_period_start, current_period_end, cancelled_at) VALUES
  ('MEM-006', '33333333-3333-3333-3333-333333333003',     '11111111-1111-1111-1111-111111111111', 'cancelled', '2025-12-20', NULL,          '2025-12-20'),
  ('MEM-011', '33333333-3333-3333-3333-333333333001', '11111111-1111-1111-1111-111111111111', 'cancelled', '2025-09-01', '2025-10-01',  '2025-09-14'),
  ('MEM-019', '33333333-3333-3333-3333-333333333003',     '11111111-1111-1111-1111-111111111111', 'cancelled', '2025-11-10', NULL,          '2025-11-10'),
  ('MEM-026', '33333333-3333-3333-3333-333333333001', '11111111-1111-1111-1111-111111111111', 'cancelled', '2025-10-11', '2025-11-11',  '2025-10-22'),
  ('MEM-034', '33333333-3333-3333-3333-333333333002',  '11111111-1111-1111-1111-111111111111', 'cancelled', '2024-06-15', '2025-06-15',  '2025-08-30');

-- Day pass / class pack active
INSERT INTO subscriptions (member_id, plan_id, gym_id, status) VALUES
  ('MEM-015', '33333333-3333-3333-3333-333333333004', '11111111-1111-1111-1111-111111111111', 'active'),
  ('MEM-023', '33333333-3333-3333-3333-333333333004', '11111111-1111-1111-1111-111111111111', 'active'),
  ('MEM-029', '33333333-3333-3333-3333-333333333004', '11111111-1111-1111-1111-111111111111', 'active'),
  ('MEM-033', '33333333-3333-3333-3333-333333333003',   '11111111-1111-1111-1111-111111111111', 'active');

-- Past due (MEM-002 and MEM-009 second subscriptions — not used, keeping 35 member count clean)

-- ── 7. Access Events (~100 entries) ────────────────────────

-- Generate realistic scan history for active members over the past 2 weeks
INSERT INTO access_events (member_id, gym_id, result, scanned_at) VALUES
  -- Sarah Mitchell (MEM-001) - morning regular
  ('MEM-001', '11111111-1111-1111-1111-111111111111', 'granted', '2026-03-06 06:15:00-06'),
  ('MEM-001', '11111111-1111-1111-1111-111111111111', 'granted', '2026-03-05 06:15:00-06'),
  ('MEM-001', '11111111-1111-1111-1111-111111111111', 'granted', '2026-03-04 06:22:00-06'),
  ('MEM-001', '11111111-1111-1111-1111-111111111111', 'granted', '2026-03-02 07:00:00-06'),
  ('MEM-001', '11111111-1111-1111-1111-111111111111', 'granted', '2026-03-01 06:30:00-06'),
  -- James Cooper (MEM-002) - early bird
  ('MEM-002', '11111111-1111-1111-1111-111111111111', 'granted', '2026-03-06 05:42:00-06'),
  ('MEM-002', '11111111-1111-1111-1111-111111111111', 'granted', '2026-03-04 05:42:00-06'),
  ('MEM-002', '11111111-1111-1111-1111-111111111111', 'granted', '2026-03-03 05:50:00-06'),
  ('MEM-002', '11111111-1111-1111-1111-111111111111', 'granted', '2026-03-01 05:45:00-06'),
  -- Marcus Johnson (MEM-004) - consistent
  ('MEM-004', '11111111-1111-1111-1111-111111111111', 'granted', '2026-03-06 06:33:00-06'),
  ('MEM-004', '11111111-1111-1111-1111-111111111111', 'granted', '2026-03-05 06:40:00-06'),
  ('MEM-004', '11111111-1111-1111-1111-111111111111', 'granted', '2026-03-04 06:35:00-06'),
  ('MEM-004', '11111111-1111-1111-1111-111111111111', 'granted', '2026-03-02 06:30:00-06'),
  -- Emily Zhang (MEM-005) - yoga regular
  ('MEM-005', '11111111-1111-1111-1111-111111111111', 'granted', '2026-03-06 07:01:00-06'),
  ('MEM-005', '11111111-1111-1111-1111-111111111111', 'granted', '2026-03-05 07:01:00-06'),
  ('MEM-005', '11111111-1111-1111-1111-111111111111', 'granted', '2026-03-04 07:05:00-06'),
  ('MEM-005', '11111111-1111-1111-1111-111111111111', 'granted', '2026-03-03 07:00:00-06'),
  ('MEM-005', '11111111-1111-1111-1111-111111111111', 'granted', '2026-03-01 07:10:00-06'),
  -- Priya Sharma (MEM-007)
  ('MEM-007', '11111111-1111-1111-1111-111111111111', 'granted', '2026-03-06 08:05:00-06'),
  ('MEM-007', '11111111-1111-1111-1111-111111111111', 'granted', '2026-03-05 08:10:00-06'),
  ('MEM-007', '11111111-1111-1111-1111-111111111111', 'granted', '2026-03-04 08:00:00-06'),
  ('MEM-007', '11111111-1111-1111-1111-111111111111', 'granted', '2026-03-02 08:15:00-06'),
  -- Natalie Owens (MEM-009)
  ('MEM-009', '11111111-1111-1111-1111-111111111111', 'granted', '2026-03-05 09:12:00-06'),
  ('MEM-009', '11111111-1111-1111-1111-111111111111', 'granted', '2026-03-04 09:00:00-06'),
  ('MEM-009', '11111111-1111-1111-1111-111111111111', 'granted', '2026-03-02 09:15:00-06'),
  -- Kevin Duarte (MEM-010) - VIP
  ('MEM-010', '11111111-1111-1111-1111-111111111111', 'granted', '2026-03-06 09:42:00-06'),
  ('MEM-010', '11111111-1111-1111-1111-111111111111', 'granted', '2026-03-04 09:42:00-06'),
  ('MEM-010', '11111111-1111-1111-1111-111111111111', 'granted', '2026-03-03 09:30:00-06'),
  ('MEM-010', '11111111-1111-1111-1111-111111111111', 'granted', '2026-03-01 09:45:00-06'),
  -- Chris Nakamura (MEM-012) - powerlifter
  ('MEM-012', '11111111-1111-1111-1111-111111111111', 'granted', '2026-03-06 10:30:00-06'),
  ('MEM-012', '11111111-1111-1111-1111-111111111111', 'granted', '2026-03-05 10:25:00-06'),
  ('MEM-012', '11111111-1111-1111-1111-111111111111', 'granted', '2026-03-04 10:30:00-06'),
  ('MEM-012', '11111111-1111-1111-1111-111111111111', 'granted', '2026-03-03 10:35:00-06'),
  ('MEM-012', '11111111-1111-1111-1111-111111111111', 'granted', '2026-03-01 10:20:00-06'),
  -- Laura Henderson (MEM-013)
  ('MEM-013', '11111111-1111-1111-1111-111111111111', 'granted', '2026-03-06 07:30:00-06'),
  ('MEM-013', '11111111-1111-1111-1111-111111111111', 'granted', '2026-03-05 07:30:00-06'),
  ('MEM-013', '11111111-1111-1111-1111-111111111111', 'granted', '2026-03-03 07:45:00-06'),
  -- Daniel Kim (MEM-014) - 2x/week PT
  ('MEM-014', '11111111-1111-1111-1111-111111111111', 'granted', '2026-03-06 05:30:00-06'),
  ('MEM-014', '11111111-1111-1111-1111-111111111111', 'granted', '2026-03-05 05:35:00-06'),
  ('MEM-014', '11111111-1111-1111-1111-111111111111', 'granted', '2026-03-04 05:30:00-06'),
  ('MEM-014', '11111111-1111-1111-1111-111111111111', 'granted', '2026-03-03 05:40:00-06'),
  ('MEM-014', '11111111-1111-1111-1111-111111111111', 'granted', '2026-03-02 05:30:00-06'),
  ('MEM-014', '11111111-1111-1111-1111-111111111111', 'granted', '2026-03-01 05:35:00-06'),
  -- Rachel Torres (MEM-015) - spin
  ('MEM-015', '11111111-1111-1111-1111-111111111111', 'granted', '2026-03-04 18:00:00-06'),
  ('MEM-015', '11111111-1111-1111-1111-111111111111', 'granted', '2026-03-02 18:00:00-06'),
  -- Jessica Park (MEM-017)
  ('MEM-017', '11111111-1111-1111-1111-111111111111', 'granted', '2026-03-06 07:15:00-06'),
  ('MEM-017', '11111111-1111-1111-1111-111111111111', 'granted', '2026-03-05 07:20:00-06'),
  ('MEM-017', '11111111-1111-1111-1111-111111111111', 'granted', '2026-03-04 07:10:00-06'),
  ('MEM-017', '11111111-1111-1111-1111-111111111111', 'granted', '2026-03-02 07:15:00-06'),
  -- Anthony Russo (MEM-018)
  ('MEM-018', '11111111-1111-1111-1111-111111111111', 'granted', '2026-03-05 12:00:00-06'),
  ('MEM-018', '11111111-1111-1111-1111-111111111111', 'granted', '2026-03-04 12:15:00-06'),
  ('MEM-018', '11111111-1111-1111-1111-111111111111', 'granted', '2026-03-02 12:00:00-06'),
  -- Alex Rivera (MEM-020) - swimmer
  ('MEM-020', '11111111-1111-1111-1111-111111111111', 'granted', '2026-03-06 06:00:00-06'),
  ('MEM-020', '11111111-1111-1111-1111-111111111111', 'granted', '2026-03-05 06:05:00-06'),
  ('MEM-020', '11111111-1111-1111-1111-111111111111', 'granted', '2026-03-04 06:00:00-06'),
  ('MEM-020', '11111111-1111-1111-1111-111111111111', 'granted', '2026-03-03 06:10:00-06'),
  ('MEM-020', '11111111-1111-1111-1111-111111111111', 'granted', '2026-03-01 06:00:00-06'),
  -- Samantha Lee (MEM-021) - classes
  ('MEM-021', '11111111-1111-1111-1111-111111111111', 'granted', '2026-03-04 17:00:00-06'),
  ('MEM-021', '11111111-1111-1111-1111-111111111111', 'granted', '2026-03-02 17:00:00-06'),
  -- Megan Clark (MEM-023) - barre/yoga
  ('MEM-023', '11111111-1111-1111-1111-111111111111', 'granted', '2026-03-05 10:00:00-06'),
  ('MEM-023', '11111111-1111-1111-1111-111111111111', 'granted', '2026-03-03 10:00:00-06'),
  -- Jason White (MEM-024)
  ('MEM-024', '11111111-1111-1111-1111-111111111111', 'granted', '2026-03-06 06:45:00-06'),
  ('MEM-024', '11111111-1111-1111-1111-111111111111', 'granted', '2026-03-05 06:50:00-06'),
  ('MEM-024', '11111111-1111-1111-1111-111111111111', 'granted', '2026-03-04 06:45:00-06'),
  ('MEM-024', '11111111-1111-1111-1111-111111111111', 'granted', '2026-03-02 06:40:00-06'),
  -- Olivia Bennett (MEM-025) - founding member
  ('MEM-025', '11111111-1111-1111-1111-111111111111', 'granted', '2026-03-06 07:00:00-06'),
  ('MEM-025', '11111111-1111-1111-1111-111111111111', 'granted', '2026-03-03 07:00:00-06'),
  ('MEM-025', '11111111-1111-1111-1111-111111111111', 'granted', '2026-03-01 07:15:00-06'),
  -- Sofia Andersson (MEM-027) - CrossFit
  ('MEM-027', '11111111-1111-1111-1111-111111111111', 'granted', '2026-03-06 05:15:00-06'),
  ('MEM-027', '11111111-1111-1111-1111-111111111111', 'granted', '2026-03-05 05:20:00-06'),
  ('MEM-027', '11111111-1111-1111-1111-111111111111', 'granted', '2026-03-04 05:15:00-06'),
  ('MEM-027', '11111111-1111-1111-1111-111111111111', 'granted', '2026-03-03 05:25:00-06'),
  ('MEM-027', '11111111-1111-1111-1111-111111111111', 'granted', '2026-03-01 05:15:00-06'),
  -- Hannah Wright (MEM-029) - class pack
  ('MEM-029', '11111111-1111-1111-1111-111111111111', 'granted', '2026-03-04 16:30:00-06'),
  ('MEM-029', '11111111-1111-1111-1111-111111111111', 'granted', '2026-03-02 16:30:00-06'),
  -- Derek Morgan (MEM-030) - new member
  ('MEM-030', '11111111-1111-1111-1111-111111111111', 'granted', '2026-03-06 08:30:00-06'),
  ('MEM-030', '11111111-1111-1111-1111-111111111111', 'granted', '2026-03-05 08:45:00-06'),
  ('MEM-030', '11111111-1111-1111-1111-111111111111', 'granted', '2026-03-04 08:30:00-06'),
  -- Chloe Nguyen (MEM-031)
  ('MEM-031', '11111111-1111-1111-1111-111111111111', 'granted', '2026-03-05 06:45:00-06'),
  ('MEM-031', '11111111-1111-1111-1111-111111111111', 'granted', '2026-03-04 06:50:00-06'),
  -- Victor Okafor (MEM-032) - brand new
  ('MEM-032', '11111111-1111-1111-1111-111111111111', 'granted', '2026-03-06 07:00:00-06'),
  ('MEM-032', '11111111-1111-1111-1111-111111111111', 'granted', '2026-03-05 07:10:00-06'),
  ('MEM-032', '11111111-1111-1111-1111-111111111111', 'granted', '2026-03-04 07:00:00-06'),
  ('MEM-032', '11111111-1111-1111-1111-111111111111', 'granted', '2026-03-02 07:05:00-06'),
  -- Isabella Cruz (MEM-033) - day pass
  ('MEM-033', '11111111-1111-1111-1111-111111111111', 'granted', '2026-03-06 09:00:00-06'),
  ('MEM-033', '11111111-1111-1111-1111-111111111111', 'granted', '2026-03-05 09:15:00-06'),
  ('MEM-033', '11111111-1111-1111-1111-111111111111', 'granted', '2026-03-03 09:00:00-06'),
  -- Aisha Thompson (MEM-035)
  ('MEM-035', '11111111-1111-1111-1111-111111111111', 'granted', '2026-03-06 17:45:00-06'),
  ('MEM-035', '11111111-1111-1111-1111-111111111111', 'granted', '2026-03-05 17:50:00-06'),
  ('MEM-035', '11111111-1111-1111-1111-111111111111', 'granted', '2026-03-04 17:45:00-06'),
  ('MEM-035', '11111111-1111-1111-1111-111111111111', 'granted', '2026-03-02 17:40:00-06'),
  -- Denied access examples (frozen/cancelled)
  ('MEM-003', '11111111-1111-1111-1111-111111111111', 'denied_frozen',    '2026-02-20 09:00:00-06'),
  ('MEM-006', '11111111-1111-1111-1111-111111111111', 'denied_cancelled', '2026-01-05 10:00:00-06'),
  ('MEM-016', '11111111-1111-1111-1111-111111111111', 'denied_frozen',    '2026-02-15 08:00:00-06'),
  ('MEM-022', '11111111-1111-1111-1111-111111111111', 'denied_frozen',    '2026-02-25 09:30:00-06'),
  ('MEM-028', '11111111-1111-1111-1111-111111111111', 'denied_frozen',    '2026-03-01 11:00:00-06');

-- ── 8. Reset member_id_seq ─────────────────────────────────

SELECT setval('member_id_seq', 35);
